food_name,calories,protein,carbs,fat,diet_type,image_url,cook_guide
Chicken Salad,350,30,20,15,Non-Vegetarian,https://www.skinnytaste.com/wp-content/uploads/2008/07/Classic-Chicken-Salad-4.jpg,"""1. Cook the Chicken – Boil, grill, or pan-fry chicken breast until fully cooked, then let it cool. 2. Shred or Dice – Cut the cooked chicken into small pieces. 3. Prepare Vegetables – Chop lettuce, cucumbers, tomatoes, onions, and any other preferred veggies. 4. Mix Ingredients – In a large bowl, combine the chicken, vegetables, and optional ingredients like nuts or fruits. 5. Add Dressing – Toss everything with mayonnaise, yogurt, or a vinaigrette of your choice. 6. Serve – Chill in the fridge for 15 minutes or serve immediately. Enjoy!"""
Oatmeal with Berries,250,5,45,5,Vegetarian,https://www.pcrm.org/sites/default/files/Oatmeal%20and%20Berries.jpg,"""1. Boil Water or Milk – Heat 1 cup of water or milk in a pot until it simmers. 2. Add Oats – Stir in ½ cup of oats and cook for about 5 minutes, stirring occasionally. 3. Sweeten (Optional) – Add honey, maple syrup, or sugar to taste. 4. Add Berries – Mix in fresh or frozen berries like blueberries, raspberries, or strawberries. 5. Stir and Serve – Cook for another 1-2 minutes, then transfer to a bowl and enjoy!"""
Grilled Salmon,400,40,0,25,Non-Vegetarian,"https://hips.hearstapps.com/hmg-prod/images/how-to-grill-salmon-recipe2-1655870552.jpg?crop=0.982xw:0.982xh;0,0&resize=1200:*","""1. Preheat Grill – Heat the grill to medium-high temperature (about 375-400°F). 2. Season the Salmon – Rub salmon fillet with olive oil, salt, pepper, and optional seasonings like garlic or lemon juice. 3. Place on Grill – Put the salmon skin-side down on the grill and cook for 4-5 minutes. 4. Flip and Cook – Carefully flip the salmon and cook for another 3-4 minutes until it flakes easily with a fork. 5. Remove and Serve – Take the salmon off the grill, let it rest for a minute, then serve with your favorite sides!"""
Vegan Burrito,500,15,50,20,Vegan,https://jessicainthekitchen.com/wp-content/uploads/2020/06/Vegan-Burritos-8.jpg,"""1. Prepare Filling – Sauté onions, bell peppers, and garlic in a pan until soft. Add black beans, cooked rice, corn, and taco seasoning, then cook for 5 minutes. 2. Warm the Tortilla – Heat a large tortilla in a dry pan for a few seconds on each side to make it flexible. 3. Assemble – Place the filling in the center of the tortilla, then add avocado slices, salsa, and vegan cheese if desired. 4. Fold the Burrito – Fold in the sides, then roll tightly from the bottom up. 5. Toast (Optional) – Place the burrito seam-side down in a pan for 1-2 minutes to seal and crisp it up. 6. Serve – Cut in half and enjoy!"""
Greek Yogurt,150,10,15,5,Vegetarian,https://post.healthline.com/wp-content/uploads/2021/10/fruit-berries-yogurt-1296x728-header.jpg,"""1. Heat Milk – Warm 4 cups of milk in a pot until it reaches about 180°F (do not boil). 2. Cool Down – Let the milk cool to around 110°F. 3. Add Yogurt Starter – Mix in 2 tablespoons of plain Greek yogurt as a starter. 4. Incubate – Cover and keep warm (110°F) for 6-12 hours to allow fermentation. 5. Strain – Pour yogurt into a cheesecloth-lined strainer and let it drain for a few hours until thick. 6. Store and Serve – Transfer to a container, refrigerate, and enjoy!"""
Turkey Sandwich,300,25,35,10,Non-Vegetarian,https://www.fattybuttsbbq.com/_next/image?url=https%3A%2F%2Fres.cloudinary.com%2Ffatty-butts-bbq%2Fimages%2Ff_auto%2Cq_auto%2Fv1728658245%2Ffattybuttsbbq%2FLeftover-Turkey-Sandwich%2FLeftover-Turkey-Sandwich.jpg%3F_i%3DAA&w=1920&q=75,"""1. Toast Bread (Optional) – Lightly toast two slices of bread for added texture. 2. Spread Condiments – Apply mayonnaise, mustard, or hummus on one or both slices. 3. Add Turkey – Layer sliced turkey breast on one slice of bread. 4. Add Toppings – Place lettuce, tomato slices, cheese, and any other desired toppings. 5. Assemble – Cover with the second slice of bread and press gently. 6. Serve – Cut in half and enjoy!"""
Avocado Toast,350,8,45,20,Vegetarian,https://www.dinneratthezoo.com/wp-content/uploads/2018/12/avocado-toast-14.jpg,"""1. Toast Bread – Lightly toast a slice of bread until golden and crispy. 2. Prepare Avocado – Mash a ripe avocado in a bowl with a fork. 3. Season – Mix in salt, pepper, and optional ingredients like lemon juice or red pepper flakes. 4. Spread – Evenly spread the mashed avocado on the toasted bread. 5. Add Toppings (Optional) – Garnish with cherry tomatoes, radish slices, poached egg, or sesame seeds. 6. Serve – Enjoy immediately!"""
Quinoa Salad,200,10,40,10,Vegetarian,https://www.eatingbirdfood.com/wp-content/uploads/2024/04/easy-quinoa-salad-hero-cropped.jpg,"""1. Cook Quinoa – Rinse 1 cup of quinoa, then boil in 2 cups of water for about 15 minutes until fluffy. Let it cool. 2. Chop Vegetables – Dice cucumbers, cherry tomatoes, bell peppers, and red onions. 3. Mix Ingredients – In a large bowl, combine cooked quinoa, chopped vegetables, and fresh herbs like parsley or cilantro. 4. Make Dressing – Whisk together olive oil, lemon juice, salt, and pepper. 5. Toss Salad – Pour the dressing over the salad and mix well. 6. Serve – Let it chill for 10 minutes, then enjoy!"""
Egg White Omelet,150,20,5,2,Vegetarian,https://www.garlicandzest.com/wp-content/uploads/2023/07/egg-white-omelet-14.jpg,"""1. Whisk Egg Whites – Separate 3-4 egg whites into a bowl and whisk until slightly frothy. 2. Heat Pan – Lightly grease a non-stick pan with cooking spray or a little olive oil over medium heat. 3. Cook Egg Whites – Pour the egg whites into the pan and let them cook undisturbed for about 2 minutes until they start to set. 4. Add Fillings – Sprinkle in chopped vegetables, cheese, or cooked protein as desired. 5. Fold Omelet – Carefully fold one side over the filling and cook for another minute. 6. Serve – Slide onto a plate and enjoy!"""
Steak with Vegetables,600,45,10,30,Non-Vegetarian,https://thewholecook.com/wp-content/uploads/2023/01/Steak-with-Roasted-Veggies-1-3.jpg,"""1. Season the Steak – Rub the steak with olive oil, salt, pepper, and optional herbs like rosemary or garlic. 2. Prepare Vegetables – Chop vegetables such as bell peppers, zucchini, carrots, or broccoli into bite-sized pieces. 3. Cook Steak – Grill or pan-sear the steak over medium-high heat for 3-5 minutes per side (depending on thickness) until desired doneness. 4. Sauté or Roast Vegetables – Either sauté the vegetables in a pan with olive oil or roast them in the oven at 400°F for 15-20 minutes. 5. Rest and Serve – Let the steak rest for a few minutes before slicing. Serve with the cooked vegetables on the side."""
Tuna Salad,250,30,10,15,Non-Vegetarian,https://garlicsaltandlime.com/wp-content/uploads/2024/06/Mexican-tuna-salad-featured-image.jpg,"""1. Drain Tuna – Open a can of tuna and drain excess liquid. 2. Mix Ingredients – In a bowl, combine tuna with mayonnaise or Greek yogurt. 3. Add Flavor – Mix in diced celery, onions, and pickles for crunch. 4. Season – Add salt, pepper, and a squeeze of lemon juice for extra taste. 5. Serve – Enjoy on its own, as a sandwich, or with crackers."""
Vegetable Stir Fry,300,10,50,10,Vegan,https://thewoksoflife.com/wp-content/uploads/2022/02/vegetable-stir-fry-10.jpg,"""1. Prepare Vegetables – Chop bell peppers, carrots, broccoli, onions, and other preferred vegetables into bite-sized pieces. 2. Heat Oil – In a large pan or wok, heat 1-2 tablespoons of oil over medium-high heat. 3. Stir-Fry Vegetables – Add the harder vegetables first (like carrots and broccoli), then softer ones (like bell peppers and onions), stirring constantly. 4. Add Sauce – Pour in soy sauce, garlic, ginger, and optional sesame oil for flavor. 5. Cook Until Tender – Stir-fry for another 3-5 minutes until vegetables are cooked but still crisp. 6. Serve – Enjoy on its own or with rice or noodles."""
Fruit Smoothie,200,5,40,5,Vegan,https://veggiefunkitchen.com/wp-content/uploads/2022/08/Dragon-Fruit-Smoothie-5-scaled.jpg,"""1. Choose Fruits – Select fresh or frozen fruits such as bananas, berries, mango, or pineapple. 2. Add Liquid – Pour in 1 cup of milk, juice, or a dairy-free alternative like almond milk. 3. Add Extras (Optional) – Include yogurt, protein powder, honey, or chia seeds for extra nutrition. 4. Blend – Blend all ingredients together until smooth. 5. Adjust Consistency – Add more liquid for a thinner smoothie or ice for a thicker texture. 6. Serve – Pour into a glass and enjoy immediately."""
Brown Rice with Vegetables,350,12,60,10,Vegetarian,https://www.gourmethousewife.com/wp-content/uploads/2011/02/brown-rice-with-vegetables.jpg,"""1. Cook Brown Rice – Rinse 1 cup of brown rice and cook in 2 cups of water for about 35-40 minutes until tender. 2. Prepare Vegetables – Chop vegetables like bell peppers, carrots, peas, and broccoli into small pieces. 3. Heat Oil – In a pan, heat 1-2 tablespoons of olive oil over medium heat. 4. Sauté Vegetables – Add the vegetables to the pan and cook for 5-7 minutes until tender. 5. Combine – Stir in the cooked brown rice and mix well. 6. Season and Serve – Add salt, pepper, soy sauce, or herbs as desired, then serve warm."""
Protein Shake,180,25,10,8,Vegan,https://ohsodelicioso.com/wp-content/uploads/2022/08/snickerdoodleshakesquare-1.jpg,"""1. Choose a Base – Pour 1 cup of milk, almond milk, or water into a blender. 2. Add Protein Powder – Scoop in your preferred protein powder (usually 1 serving). 3. Add Fruits (Optional) – Include bananas, berries, or mango for natural sweetness. 4. Enhance Flavor – Add peanut butter, cocoa powder, honey, or vanilla extract for extra taste. 5. Blend – Blend all ingredients together until smooth. 6. Serve – Pour into a glass and enjoy immediately."""
Lentil Soup,250,10,30,5,Vegan,https://www.noracooks.com/wp-content/uploads/2018/11/square-1.jpg,"""1. Sauté Aromatics – In a large pot, heat olive oil and sauté chopped onions, carrots, and garlic until soft. 2. Add Lentils – Rinse 1 cup of lentils and add them to the pot. 3. Pour in Broth – Add 4 cups of vegetable or chicken broth and bring to a boil. 4. Season – Stir in salt, pepper, cumin, and optional spices like turmeric or paprika. 5. Simmer – Reduce heat and let the soup cook for 25-30 minutes until lentils are tender. 6. Serve – Garnish with fresh herbs or lemon juice and enjoy warm."""
Pasta Primavera,400,15,60,10,Vegetarian,https://thecozycook.com/wp-content/uploads/2024/02/Pasta-Primavera-f.jpg,"""1. Cook Pasta – Boil pasta according to package instructions until al dente, then drain. 2. Sauté Vegetables – In a pan, heat olive oil and cook chopped bell peppers, zucchini, cherry tomatoes, and onions until tender. 3. Add Garlic and Seasoning – Stir in minced garlic, salt, pepper, and Italian herbs for extra flavor. 4. Combine with Pasta – Mix the cooked pasta with the sautéed vegetables in the pan. 5. Add Cheese (Optional) – Sprinkle with grated Parmesan or a dairy-free alternative. 6. Serve – Garnish with fresh basil and enjoy warm."""
Grilled Chicken Breast,220,35,5,3,Non-Vegetarian,https://www.budgetbytes.com/wp-content/uploads/2024/06/Grilled-Chicken-Overhead-500x500.jpg,"""1. Prepare Chicken – Pound chicken breasts to an even thickness for even cooking. 2. Marinate – Coat with olive oil, salt, pepper, garlic powder, and optional herbs like rosemary or paprika. Let it sit for at least 15 minutes. 3. Preheat Grill – Heat the grill to medium-high temperature (about 375-400°F). 4. Grill Chicken – Place chicken on the grill and cook for about 6-7 minutes per side, or until internal temperature reaches 165°F. 5. Rest – Let the chicken rest for a few minutes before slicing to retain juices. 6. Serve – Enjoy with your favorite side dishes or salads."""
Beef Tacos,500,20,40,15,Non-Vegetarian,https://loveandgoodstuff.com/wp-content/uploads/2020/08/classic-ground-beef-tacos-1200x1200.jpg,"""1. Cook Ground Beef – In a pan over medium heat, cook 1 pound of ground beef until browned, breaking it up as it cooks. 2. Season – Add taco seasoning and a little water, then stir and simmer for 5 minutes. 3. Prepare Toppings – Chop lettuce, tomatoes, onions, and shred cheese. 4. Warm Tortillas – Heat soft tortillas on a dry pan for a few seconds on each side or crisp hard taco shells in the oven. 5. Assemble – Fill tortillas with seasoned beef and add toppings like lettuce, cheese, salsa, and sour cream. 6. Serve – Enjoy immediately with lime wedges on the side."""
Veggie Burger,300,15,50,8,Vegetarian,https://www.foodandwine.com/thmb/pwFie7NRkq4SXMDJU6QKnUKlaoI=/1500x0/filters:no_upscale():max_bytes(150000):strip_icc()/Ultimate-Veggie-Burgers-FT-Recipe-0821-5d7532c53a924a7298d2175cf1d4219f.jpg,"""1. Prepare Patty Mixture – Mash 1 can of drained beans (black beans or chickpeas) and mix with breadcrumbs, finely chopped onions, garlic, and spices. 2. Form Patties – Shape the mixture into burger-sized patties. 3. Cook Patties – Pan-fry in a little oil for 3-4 minutes per side until golden brown or bake at 375°F for 20 minutes. 4. Toast Buns – Lightly toast burger buns in a dry pan or oven. 5. Assemble Burger – Place the patty on a bun and add toppings like lettuce, tomato, avocado, and a sauce of your choice. 6. Serve – Enjoy immediately with fries or a salad."""
Cottage Cheese with Fruit,200,15,20,5,Vegetarian,https://healthyfoodiegirl.com/wp-content/uploads/2023/08/Cottage-Cheese-With-Fruit.jpg,"""1. Choose a Bowl – Scoop 1 cup of cottage cheese into a serving bowl. 2. Select Fruits – Pick fresh or frozen fruits like berries, peaches, pineapple, or bananas. 3. Add Fruits – Place the chopped or whole fruits on top of the cottage cheese. 4. Sweeten (Optional) – Drizzle with honey or maple syrup for extra sweetness. 5. Add Toppings (Optional) – Sprinkle with nuts, granola, or chia seeds for added texture. 6. Serve – Enjoy immediately as a healthy snack or breakfast."""
Pancakes with Maple Syrup,400,10,60,20,Vegetarian,https://www.acouplecooks.com/wp-content/uploads/2024/08/Brown-Butter-Pancakes-0002.jpg,"""1. Prepare Batter – In a bowl, mix 1 cup flour, 1 tablespoon sugar, 1 teaspoon baking powder, and a pinch of salt. In another bowl, whisk 1 egg, ¾ cup milk, and 1 tablespoon melted butter. 2. Combine – Gradually mix the wet ingredients into the dry ingredients until smooth. 3. Heat Pan – Lightly grease a pan and heat over medium heat. 4. Cook Pancakes – Pour small amounts of batter into the pan and cook for 2-3 minutes until bubbles form, then flip and cook another 1-2 minutes. 5. Stack and Serve – Place pancakes on a plate and drizzle with maple syrup. 6. Add Toppings (Optional) – Garnish with fruits, nuts, or butter for extra flavor."""
Sushi Roll,300,10,40,5,Non-Vegetarian,https://www.allrecipes.com/thmb/PujANugNXQW7ugnivQt8b4_-13k=/1500x0/filters:no_upscale():max_bytes(150000):strip_icc()/RM-169856-CreamCheeseandCrabSushiRolls-ddmfs-3x4-6421-8d233e210db3458f8574bafad1c69e70.jpg,"""1. Prepare Sushi Rice – Rinse 1 cup of sushi rice, cook, and mix with 2 tablespoons of rice vinegar, 1 tablespoon sugar, and a pinch of salt. Let it cool. 2. Prepare Fillings – Slice fresh fish, avocado, cucumber, or other desired ingredients into thin strips. 3. Lay Nori Sheet – Place a sheet of nori (seaweed) on a bamboo sushi mat, shiny side down. 4. Spread Rice – Evenly spread a thin layer of sushi rice over the nori, leaving about 1 inch uncovered at the top. 5. Add Fillings – Arrange the sliced ingredients along the bottom edge of the rice. 6. Roll and Cut – Roll the sushi tightly using the bamboo mat, then slice into bite-sized pieces with a sharp knife. Serve with soy sauce, wasabi, and pickled ginger."""
Caesar Salad,250,20,20,15,Vegetarian,https://s23209.pcdn.co/wp-content/uploads/2023/01/220905_DD_Chx-Caesar-Salad_051.jpg,"""1. Prepare Lettuce – Chop fresh romaine lettuce into bite-sized pieces and place in a large bowl. 2. Make Dressing – Whisk together ½ cup mayonnaise, 2 tablespoons lemon juice, 1 teaspoon Dijon mustard, 1 minced garlic clove, and ¼ cup grated Parmesan cheese. 3. Add Croutons – Toss in crunchy croutons for texture. 4. Add Dressing – Drizzle the Caesar dressing over the lettuce and toss to coat evenly. 5. Add Parmesan – Sprinkle extra Parmesan cheese on top for more flavor. 6. Serve – Enjoy immediately as a side or with grilled chicken for a complete meal."""
Chickpea Curry,400,15,45,8,Vegan,https://rainbowplantlife.com/wp-content/uploads/2023/02/chickpea-curry-cover-photo-1-of-1.jpg,"""1. Sauté Aromatics – Heat oil in a pan and sauté chopped onions, garlic, and ginger until fragrant. 2. Add Spices – Stir in curry powder, cumin, turmeric, and garam masala for deep flavor. 3. Add Chickpeas – Pour in 2 cups of cooked or canned chickpeas (drained and rinsed). 4. Add Tomatoes & Liquid – Stir in diced tomatoes and 1 cup of coconut milk or vegetable broth, then simmer for 15 minutes. 5. Adjust Seasoning – Add salt, pepper, and a squeeze of lemon juice to taste. 6. Serve – Garnish with fresh cilantro and serve hot with rice or naan."""
Tofu Stir Fry,300,20,50,10,Vegan,https://shuangyskitchensink.com/wp-content/uploads/2020/06/Asian-garlic-tofu-2.jpg,"""1. Press Tofu – Drain and press firm tofu for 10-15 minutes to remove excess moisture, then cut into cubes. 2. Cook Tofu – Heat oil in a pan and pan-fry the tofu cubes until golden brown on all sides, then remove from the pan. 3. Sauté Vegetables – In the same pan, stir-fry chopped bell peppers, broccoli, carrots, and onions for 3-5 minutes. 4. Add Sauce – Mix soy sauce, garlic, ginger, and a bit of cornstarch, then pour over the vegetables. 5. Combine – Return the tofu to the pan and stir everything together, cooking for another 2 minutes. 6. Serve – Enjoy hot over rice or noodles."""
Shrimp and Broccoli,250,25,15,10,Non-Vegetarian,https://cookingmadehealthy.com/wp-content/uploads/2018/04/Chinese-Shrimp-and-Broccoli-3.jpg,"""1. Prepare Ingredients – Clean and devein shrimp, then chop broccoli into bite-sized florets. 2. Heat Oil – In a pan, heat 1-2 tablespoons of oil over medium-high heat. 3. Cook Shrimp – Add shrimp and cook for 2-3 minutes per side until pink and opaque, then remove from the pan. 4. Stir-Fry Broccoli – In the same pan, add broccoli and stir-fry for 3-4 minutes until tender-crisp. 5. Add Sauce – Mix soy sauce, garlic, ginger, and a bit of cornstarch with water, then pour over the broccoli. 6. Combine and Serve – Return shrimp to the pan, stir everything together for 1-2 minutes, and serve hot with rice or noodles."""
Chicken Wrap,300,20,45,15,Non-Vegetarian,https://sailorbailey.com/wp-content/uploads/2023/04/Cajun-Chicken-Wrap.jpg,"""1. Cook Chicken – Season and grill or pan-fry chicken breast until fully cooked, then slice into strips. 2. Prepare Vegetables – Chop lettuce, tomatoes, cucumbers, and onions. 3. Warm Tortilla – Heat a tortilla in a dry pan for a few seconds on each side to make it flexible. 4. Assemble Wrap – Spread a layer of mayonnaise, hummus, or ranch dressing on the tortilla, then add the chicken and vegetables. 5. Wrap It Up – Fold in the sides, then roll the tortilla tightly from the bottom up. 6. Serve – Cut in half and enjoy immediately."""
Baked Sweet Potato,200,4,50,2,Vegetarian,"https://hips.hearstapps.com/hmg-prod/images/delish-perfect-baked-sweet-potato-1637646118.jpg?crop=0.9823091247672254xw:1xh;center,top&resize=1200:*","""1. Preheat Oven – Set the oven to 400°F (200°C). 2. Prepare Sweet Potatoes – Wash and scrub sweet potatoes, then poke a few holes with a fork. 3. Bake – Place sweet potatoes on a baking sheet and bake for 45-60 minutes until soft. 4. Check Doneness – Pierce with a fork; it should slide in easily. 5. Slice and Add Toppings – Cut open and add butter, cinnamon, or honey for sweetness, or sour cream and herbs for a savory option. 6. Serve – Enjoy hot as a side or a main dish."""
Eggplant Parmesan,500,15,20,20,Vegetarian,https://www.vincenzosplate.com/wp-content/uploads/2024/02/1500x1500-Photo-21-3359-How-to-Make-Eggplant-Parmigiana-V1.jpg,"""1. Prepare Eggplant – Slice eggplant into ½-inch rounds and sprinkle with salt. Let sit for 30 minutes, then pat dry. 2. Coat Eggplant – Dip slices into flour, then beaten eggs, and finally breadcrumbs mixed with Parmesan cheese. 3. Bake or Fry – Bake at 400°F (200°C) for 20 minutes or pan-fry until golden brown. 4. Layer – In a baking dish, layer marinara sauce, eggplant slices, and shredded mozzarella cheese. Repeat layers as needed. 5. Bake – Bake at 375°F (190°C) for 20-25 minutes until bubbly and golden. 6. Serve – Let it cool for a few minutes, then garnish with fresh basil and enjoy."""
Pulled Pork Sandwich,450,40,40,25,Non-Vegetarian,https://saltpepperskillet.com/wp-content/uploads/pulled-pork-sandwiches-on-butcher-paper-horizontal.jpg,"""1. Prepare Pork – Season a pork shoulder with salt, pepper, garlic powder, and smoked paprika. 2. Slow Cook – Cook in a slow cooker with BBQ sauce and a little broth for 6-8 hours until tender. 3. Shred Pork – Use two forks to pull apart the cooked pork into shreds. 4. Toast Buns – Lightly toast sandwich buns for extra texture. 5. Assemble – Pile the shredded pork onto the buns and add extra BBQ sauce, coleslaw, or pickles. 6. Serve – Enjoy immediately with a side of fries or salad."""
Spaghetti Bolognese,500,35,50,15,Non-Vegetarian,https://mns.sidechef.com/recipe/8096ddd5-b1fc-4046-9da9-f551c966a89e.jpg?d=1408x1120,"""1. Cook Pasta – Boil spaghetti according to package instructions, then drain and set aside. 2. Sauté Aromatics – In a pan, heat olive oil and sauté chopped onions, garlic, and carrots until soft. 3. Cook Meat – Add ground beef or pork and cook until browned. 4. Add Sauce – Stir in crushed tomatoes, tomato paste, Italian herbs, salt, and pepper, then let simmer for 20-30 minutes. 5. Combine – Toss the cooked spaghetti with the Bolognese sauce. 6. Serve – Garnish with grated Parmesan and fresh basil before serving."""
Chicken and Rice,400,35,60,10,Non-Vegetarian,https://easychickenrecipes.com/wp-content/uploads/2022/07/featured-vietnamese-chicken-and-rice.jpg,"""1. Cook Chicken – Season chicken breasts or thighs with salt, pepper, and spices, then pan-fry until golden brown. 2. Sauté Aromatics – In the same pan, cook chopped onions and garlic until soft. 3. Add Rice – Stir in 1 cup of rice and cook for 1-2 minutes to toast slightly. 4. Add Liquid – Pour in 2 cups of chicken broth, then place the chicken back into the pan. 5. Simmer – Cover and cook on low heat for 20-25 minutes until rice is tender and chicken is fully cooked. 6. Serve – Fluff the rice, garnish with fresh herbs, and enjoy."""
Fish Tacos,350,25,40,12,Non-Vegetarian,https://www.allrecipes.com/thmb/_emMPu4gpcuCOoC0kfjRWIdHlmc=/1500x0/filters:no_upscale():max_bytes(150000):strip_icc()/53729-fish-tacos-DDMFS-4x3-b5547c67c6f0432da06ad8f905e82c1e.jpg,"""1. Prepare Fish – Season white fish fillets (like cod or tilapia) with salt, pepper, lime juice, and optional spices like paprika or cumin. 2. Cook Fish – Grill, bake at 375°F (190°C) for 15 minutes, or pan-fry until flaky and fully cooked. 3. Prepare Toppings – Chop cabbage, tomatoes, onions, and cilantro. Mix with lime juice for a fresh topping. 4. Warm Tortillas – Heat corn or flour tortillas in a dry pan for a few seconds on each side. 5. Assemble – Place cooked fish in the tortilla, add toppings, and drizzle with a sauce like sour cream or a yogurt-lime dressing. 6. Serve – Enjoy immediately with extra lime wedges on the side."""
Vegetable Pizza,600,15,50,15,Vegetarian,https://www.superhealthykids.com/wp-content/uploads/2021/10/best-veggie-pizza-featured-image-square-2.jpg,"""1. Prepare Dough – Roll out pizza dough on a floured surface to desired thickness. 2. Add Sauce – Spread a layer of tomato sauce or pesto evenly over the dough. 3. Add Cheese – Sprinkle shredded mozzarella or a dairy-free alternative. 4. Add Vegetables – Top with sliced bell peppers, onions, mushrooms, olives, and tomatoes. 5. Bake – Preheat oven to 425°F (220°C) and bake for 12-15 minutes until the crust is golden and cheese is bubbly. 6. Serve – Let cool for a few minutes, then slice and enjoy."""
Chicken Quesadilla,450,25,45,20,Non-Vegetarian,https://encrypted-tbn0.gstatic.com/images?q=tbn:ANd9GcSW7kGWeaVDmwa8UI2guaDqZ6Pllh6_bmn0Bw&s,"""1. Cook Chicken – Season and cook chicken breast in a pan until fully cooked, then shred or slice thinly. 2. Prepare Tortilla – Place a large tortilla on a flat surface. 3. Add Fillings – Sprinkle shredded cheese, cooked chicken, and optional ingredients like bell peppers, onions, or black beans on one half of the tortilla. 4. Cook Quesadilla – Fold the tortilla in half and cook on a lightly oiled pan over medium heat for 2-3 minutes per side until golden brown and cheese melts. 5. Slice – Remove from heat and cut into wedges. 6. Serve – Enjoy with salsa, sour cream, or guacamole."""
Hummus and Veggies,200,15,20,5,Vegan,https://www.healthygffamily.com/wp-content/uploads/2017/09/IMG_3702.jpg,"""1. Prepare Hummus – Blend 1 can of drained chickpeas, 2 tablespoons tahini, 1 minced garlic clove, 2 tablespoons lemon juice, and 2 tablespoons olive oil until smooth. 2. Adjust Consistency – Add water or extra olive oil if needed for a creamier texture. 3. Season – Mix in salt, cumin, or paprika to taste. 4. Prepare Vegetables – Slice cucumbers, carrots, bell peppers, and celery into sticks. 5. Arrange – Place hummus in a bowl and drizzle with olive oil or sprinkle with paprika. 6. Serve – Enjoy with fresh veggies as a healthy snack or appetizer."""
Beef Burrito,550,30,55,25,Non-Vegetarian,https://mojo.generalmills.com/api/public/content/UslXv1e1gUabOLILabyqwg_gmi_hi_res_jpeg.jpeg?v=c477766e&t=466b54bb264e48b199fc8e83ef1136b4,"""1. Cook Ground Beef – In a pan over medium heat, cook ground beef until browned, then drain excess fat. 2. Season – Stir in taco seasoning and a splash of water, then simmer for 5 minutes. 3. Prepare Fillings – Warm cooked rice, black beans, chopped lettuce, diced tomatoes, and shredded cheese. 4. Warm Tortilla – Heat a large tortilla in a dry pan for a few seconds to make it flexible. 5. Assemble – Spread beef in the center of the tortilla, then add rice, beans, cheese, and veggies. 6. Wrap and Serve – Fold in the sides, roll tightly from the bottom up, and enjoy."""
Tomato Soup,150,8,30,10,Vegetarian,https://cdn.loveandlemons.com/wp-content/uploads/2023/01/tomato-soup-recipe.jpg,"""1. Sauté Aromatics – In a pot, heat olive oil and sauté chopped onions and garlic until soft. 2. Add Tomatoes – Stir in 4 cups of chopped fresh or canned tomatoes. 3. Simmer – Pour in 2 cups of vegetable or chicken broth and let simmer for 15-20 minutes. 4. Blend – Use an immersion blender or regular blender to puree the soup until smooth. 5. Season – Add salt, pepper, and optional herbs like basil or thyme for extra flavor. 6. Serve – Enjoy hot with croutons or a grilled cheese sandwich."""
Chicken Noodle Soup,180,12,15,5,Non-Vegetarian,https://www.skinnytaste.com/wp-content/uploads/2018/12/Chicken-Noodle-Soup-16.jpg,"""1. Sauté Aromatics – In a large pot, heat oil and sauté chopped onions, carrots, and celery until softened. 2. Add Broth – Pour in 6 cups of chicken broth and bring to a boil. 3. Add Chicken – Stir in cooked shredded chicken or raw chicken breasts (if raw, simmer until fully cooked, then shred). 4. Cook Noodles – Add egg noodles and cook for 8-10 minutes until tender. 5. Season – Add salt, pepper, garlic, and optional herbs like thyme or parsley. 6. Serve – Enjoy hot with a side of bread or crackers."""
Vegetable Samosa,250,5,10,8,Vegan,https://blogger.googleusercontent.com/img/b/R29vZ2xl/AVvXsEi1ZaIYcczCiiZ9Ea2gwuXWHgeByCYjE6ojW8innb2csVw5fLqj_IUbrGTOwwqfOQbwxhkL2SFsJ5LOLh713Vx7-SHM4UjQLYRIBJr2gtLZycfyAAcKFHCFz-iS7tOx7SeKfZ0nQrMjbCPAL1WYW3QAz911PJt2yOTAUYuR1W_n0y4LNs25XTyEmJlADxE/s4693/Cover%20samosas.jpg,"""1. Prepare Dough – Mix 2 cups flour, 2 tablespoons oil, and a pinch of salt with water to form a firm dough, then let rest for 30 minutes. 2. Cook Filling – In a pan, sauté chopped onions, then add boiled and mashed potatoes, peas, cumin, coriander, turmeric, and salt. Cook for 5 minutes. 3. Shape Samosas – Roll out dough, cut into circles, fold into cones, and fill with the vegetable mixture. 4. Seal Edges – Brush edges with water and press firmly to seal. 5. Fry – Heat oil in a deep pan and fry samosas until golden brown and crispy. 6. Serve – Enjoy hot with chutney or dipping sauce."""
Shrimp Scampi,400,15,50,15,Non-Vegetarian,https://deedeedoes.com/wp-content/uploads/2022/04/AdobeStock_122034498.jpeg,"""1. Cook Pasta – Boil spaghetti or linguine according to package instructions, then drain and set aside. 2. Sauté Garlic – In a large pan, melt butter and sauté minced garlic for 1-2 minutes until fragrant. 3. Cook Shrimp – Add shrimp, season with salt and red pepper flakes, and cook for 2-3 minutes per side until pink. 4. Add Wine & Lemon – Pour in white wine (or broth) and lemon juice, then simmer for 2 minutes. 5. Combine with Pasta – Toss the cooked pasta into the pan, mixing well with the shrimp and sauce. 6. Serve – Garnish with fresh parsley and grated Parmesan, then enjoy hot."""
Fried Rice with Vegetables,500,10,60,20,Vegetarian,https://www.budgetbytes.com/wp-content/uploads/2022/03/Vegetable-Fried-Rice-plate.jpg,"""1. Prepare Rice – Use 2 cups of cooked, cooled rice (preferably day-old for best texture). 2. Heat Oil – In a large pan or wok, heat 1-2 tablespoons of oil over medium-high heat. 3. Sauté Vegetables – Stir-fry chopped carrots, peas, bell peppers, and onions for 3-4 minutes. 4. Add Rice – Stir in the cooked rice and mix well with the vegetables. 5. Season – Pour in soy sauce, sesame oil, and a pinch of salt and pepper, stirring everything together. 6. Serve – Enjoy hot, optionally topped with green onions or sesame seeds."""
Spinach Smoothie,180,8,40,10,Vegetarian,https://www.culinaryhill.com/wp-content/uploads/2023/07/Spinach-Smoothie-Culinary-Hill-1200x800-1.jpg,"""1. Add Liquid – Pour 1 cup of milk, almond milk, or water into a blender. 2. Add Spinach – Add 1-2 cups of fresh spinach leaves. 3. Add Fruit – Include a banana, apple slices, or frozen berries for natural sweetness. 4. Enhance Flavor – Add a tablespoon of honey, peanut butter, or chia seeds for extra nutrition. 5. Blend – Blend all ingredients until smooth and creamy. 6. Serve – Pour into a glass and enjoy immediately."""
French Toast,400,12,50,15,Non-Vegetarian,https://untoldrecipesbynosheen.com/wp-content/uploads/2020/10/paki-french-toast-featured-1.jpg,"""1. Prepare Egg Mixture – Whisk together 2 eggs, ½ cup milk, 1 teaspoon vanilla extract, and 1 teaspoon cinnamon in a bowl. 2. Dip Bread – Soak slices of bread in the egg mixture for a few seconds on each side. 3. Heat Pan – Melt butter in a pan over medium heat. 4. Cook Toast – Place soaked bread in the pan and cook for 2-3 minutes per side until golden brown. 5. Serve – Plate the French toast and drizzle with maple syrup. 6. Add Toppings (Optional) – Garnish with fresh berries, powdered sugar, or whipped cream."""
Pad Thai,550,20,55,20,Non-Vegetarian,https://images.squarespace-cdn.com/content/v1/60982df9899ff80ac258be5e/1652310460358-DP8W1I8SU0E6VWQ1ETIM/IMG_0374.jpg,"""1. Cook Noodles – Soak or boil 8 oz of rice noodles according to package instructions, then drain. 2. Prepare Sauce – Mix 3 tablespoons fish sauce, 1 tablespoon soy sauce, 1 tablespoon sugar, 1 tablespoon lime juice, and 1 tablespoon tamarind paste. 3. Cook Protein – In a pan, heat oil and cook shrimp, chicken, or tofu until fully cooked. 4. Sauté Aromatics – Push protein to the side, then stir-fry minced garlic and a beaten egg until scrambled. 5. Combine – Add noodles and sauce, stirring well. Toss in bean sprouts, green onions, and crushed peanuts. 6. Serve – Plate and garnish with extra peanuts, lime wedges, and cilantro."""
Chicken Pho,300,10,30,8,Vegetarian,https://takestwoeggs.com/wp-content/uploads/2022/11/Pho%CC%9B%CC%89-Ga-Vietnamese-Chicken-Pho-Soup-Takestwoeggs-Final-Photography-sq-1.jpg,"""1. Prepare Broth – In a pot, simmer 6 cups of chicken broth with sliced ginger, star anise, cinnamon, and cloves for 20-30 minutes. 2. Cook Chicken – Add chicken breasts to the broth and simmer until fully cooked, then remove and shred. 3. Cook Noodles – Boil rice noodles according to package instructions, then drain. 4. Assemble Bowl – Place cooked noodles in a bowl and top with shredded chicken. 5. Pour Broth – Strain the broth and ladle it over the noodles and chicken. 6. Serve – Garnish with bean sprouts, basil, lime wedges, and sliced jalapeños."""
BBQ Ribs,600,45,45,30,Non-Vegetarian,https://www.southernliving.com/thmb/sQ3jAjFAP-SPt_upe-Im4rxMKrQ=/1500x0/filters:no_upscale():max_bytes(150000):strip_icc()/oven-baked-baby-back-ribs-beauty-332_preview-34579f7f15ed4548ae3bb5b2048aab60.jpg,"""1. Prepare Ribs – Remove the membrane from the back of the ribs and pat dry. 2. Season – Rub with a mixture of salt, pepper, garlic powder, paprika, and brown sugar. 3. Slow Cook – Wrap in foil and bake at 300°F (150°C) for 2.5-3 hours until tender. 4. Add BBQ Sauce – Brush generously with barbecue sauce. 5. Grill or Broil – Grill or broil for 5-10 minutes until caramelized and slightly charred. 6. Serve – Let rest for a few minutes, then slice and enjoy."""
Avocado Salad,250,5,15,12,Vegan,https://www.wellplated.com/wp-content/uploads/2019/08/Avocado-and-Tomato-Salad-with-Lime.jpg,"""1. Prepare Avocados – Cut ripe avocados into cubes and place them in a bowl. 2. Chop Vegetables – Dice cucumbers, cherry tomatoes, red onions, and bell peppers. 3. Make Dressing – Whisk together olive oil, lemon juice, salt, and pepper. 4. Combine – Toss the chopped vegetables and avocado with the dressing. 5. Add Extras (Optional) – Sprinkle with feta cheese, fresh herbs, or nuts for extra flavor. 6. Serve – Enjoy fresh as a side dish or light meal."""
Beef Stew,450,40,20,20,Non-Vegetarian,https://www.skinnytaste.com/wp-content/uploads/2023/10/Beef-Stew-Recipe-10.jpg,"""1. Brown Beef – In a large pot, heat oil and sear cubed beef until browned on all sides, then remove. 2. Sauté Aromatics – In the same pot, cook chopped onions, garlic, and carrots until softened. 3. Add Liquid – Pour in 4 cups of beef broth and 1 cup of diced tomatoes, then return the beef to the pot. 4. Season – Stir in salt, pepper, bay leaves, thyme, and a splash of Worcestershire sauce. 5. Simmer – Cover and cook on low heat for 1.5-2 hours until beef is tender. 6. Serve – Remove bay leaves, garnish with fresh herbs, and enjoy hot."""